R_1_1,G_1_2,B_1_3,R_2_1,G_2_2,B_2_3,R_3_1,G_3_2,B_3_3,R_4_1,G_4_2,B_4_3,R_5_1,G_5_2,B_5_3,R_6_1,G_6_2,B_6_3,R_7_1,G_7_2,B_7_3,R_8_1,G_8_2,B_8_3,R_9_1,G_9_2,B_9_3,Label
3,3,3,11,11,11,10,10,10,6,7,6,27,29,27,23,26,24,6,8,7,29,33,30,26,30,26,0
11,12,10,10,11,10,10,11,9,23,24,21,22,23,21,21,22,20,25,27,22,24,25,21,24,25,21,0
13,12,11,16,14,14,17,15,14,26,27,23,32,32,29,32,33,29,19,20,16,23,24,22,28,29,26,0
14,16,13,14,15,14,14,15,13,33,34,30,31,32,30,29,30,28,31,33,28,28,29,27,27,28,26,0
16,12,11,13,11,10,11,12,10,28,26,23,25,24,20,22,23,19,29,31,25,27,29,23,26,28,23,0
16,15,12,14,13,11,15,14,11,34,33,29,32,31,27,31,31,25,34,35,27,35,35,27,31,32,24,0
17,16,13,17,16,13,17,16,13,37,37,31,36,36,30,36,35,29,36,36,30,36,33,28,35,32,27,0
19,16,16,18,15,15,15,15,14,36,36,33,35,36,32,33,35,31,42,49,39,43,50,40,43,50,39,0
20,23,18,19,22,18,20,23,18,33,37,29,33,36,29,37,37,31,26,30,21,27,30,21,32,32,26,0
21,23,20,18,19,18,17,17,16,43,50,42,38,44,36,34,39,31,42,51,40,43,52,38,45,54,41,0
24,28,24,25,28,24,25,28,24,53,58,52,56,58,52,56,58,52,54,55,50,56,56,50,55,56,50,0
23,26,23,22,25,22,23,26,22,51,55,49,49,53,47,49,53,47,49,53,47,48,52,46,47,51,45,0
22,27,22,22,28,23,22,29,23,48,57,47,48,57,47,48,58,48,45,53,42,44,52,41,41,51,39,0
23,28,22,25,30,23,27,33,25,47,54,44,51,59,48,57,65,54,37,45,35,41,50,40,50,58,48,0
21,23,19,21,23,19,22,24,20,41,43,37,43,43,37,50,50,44,36,39,30,36,37,30,41,40,34,0
21,18,16,22,19,16,23,23,19,43,39,33,43,39,34,46,42,36,43,37,30,43,36,30,44,35,31,0
41,39,34,44,42,37,45,42,38,93,89,77,94,93,80,94,92,79,97,90,76,90,88,73,85,82,67,0
46,44,39,44,43,36,39,42,34,94,89,80,84,83,71,81,83,68,90,81,73,78,72,62,72,68,58,0
41,32,30,42,36,33,41,39,36,81,70,66,86,78,72,88,81,75,80,69,62,85,75,67,85,75,67,0
27,24,21,27,24,21,28,27,23,58,55,50,54,52,45,55,56,47,65,62,54,55,54,44,54,53,43,0
33,32,29,35,34,31,36,35,33,72,76,66,79,79,72,81,82,73,70,74,62,77,79,68,79,81,70,0
39,33,30,38,34,31,39,36,31,71,65,58,73,69,61,77,75,65,66,59,50,64,60,51,63,61,51,0
43,39,36,45,41,38,43,38,34,84,78,72,85,79,73,84,78,71,83,75,68,81,73,66,85,77,69,0
43,42,34,38,38,30,35,35,27,86,85,73,79,79,64,74,74,61,82,81,67,78,78,64,78,78,65,0
30,31,24,33,32,25,33,32,25,65,65,52,70,68,56,70,68,56,61,61,47,66,63,49,68,65,52,0
49,44,40,54,46,43,55,45,42,105,93,86,113,98,91,114,98,91,98,88,76,102,91,79,103,91,79,0
34,32,27,33,31,26,32,30,25,68,68,56,70,69,58,69,68,57,61,60,46,62,61,47,63,63,49,0
29,29,24,28,27,25,30,26,23,61,59,52,61,58,52,60,57,49,60,57,47,58,52,45,55,52,42,0
33,30,26,35,32,27,39,34,30,69,65,54,73,68,57,81,73,63,71,67,51,74,66,51,79,70,57,0
43,43,32,47,45,35,51,48,38,86,81,63,92,87,69,100,94,77,80,74,59,83,77,60,87,80,63,0
43,37,33,43,37,33,45,38,34,87,79,70,88,80,69,91,83,71,85,76,63,87,78,64,89,80,66,0
41,33,28,43,33,29,44,35,30,80,71,61,80,71,61,82,73,63,80,70,58,78,69,56,78,69,56,0
44,42,34,44,44,36,43,44,37,90,87,72,96,94,78,99,98,81,86,85,67,93,92,72,96,95,74,0
83,68,57,84,69,58,84,70,59,149,134,107,152,138,111,153,140,116,131,116,88,137,123,93,134,122,96,0
3,6,3,17,23,18,26,34,27,3,6,3,16,23,17,23,34,26,4,6,4,18,27,20,23,36,27,0
20,23,19,20,23,19,20,24,19,21,26,21,24,28,23,24,28,23,23,27,24,24,27,24,22,26,21,0
26,29,23,27,30,24,27,29,23,24,26,20,27,28,23,26,27,22,24,25,20,28,29,25,26,27,23,0
27,26,21,28,26,22,29,27,22,25,27,20,26,27,21,30,29,25,26,31,22,26,29,22,28,30,24,0
39,49,37,45,56,43,55,67,52,37,42,37,33,41,32,44,53,40,41,45,42,39,46,40,43,52,40,0
41,49,39,39,43,34,32,35,28,46,54,46,42,50,41,34,40,32,46,59,48,48,59,47,43,55,42,0
32,30,29,30,30,28,28,28,25,29,28,25,29,28,25,28,29,25,30,30,24,31,31,25,33,33,26,0
31,32,26,30,29,24,32,31,26,37,41,33,32,33,26,31,31,25,39,43,33,35,37,29,32,32,26,0
32,33,30,33,34,32,31,32,30,33,33,31,33,34,31,32,33,29,35,35,31,37,38,33,37,39,33,0
32,33,27,33,35,26,35,37,27,32,34,26,30,35,26,31,34,25,34,37,30,31,36,29,33,35,31,0
235,208,166,249,224,181,255,237,194,189,175,140,220,199,161,246,220,179,122,118,94,158,150,121,197,181,150,2
254,254,255,254,254,255,255,254,255,255,254,254,254,253,254,255,255,255,255,255,254,254,255,254,255,255,254,2
57,62,50,48,58,47,48,56,45,74,74,58,60,65,50,56,60,48,91,88,72,73,72,58,61,61,51,0
52,56,45,46,53,40,44,48,38,48,52,41,46,53,41,46,52,40,41,45,35,41,45,35,39,43,34,0
32,32,27,34,34,29,37,37,31,32,34,30,30,31,27,28,29,25,49,50,47,38,39,36,36,37,33,0
36,34,29,39,35,32,43,40,38,39,37,36,45,45,44,49,48,46,41,40,40,54,55,54,68,69,65,0
71,73,63,76,80,69,70,74,63,84,84,72,97,100,85,90,94,78,81,81,65,92,93,73,92,94,73,0
74,77,68,87,96,81,94,108,87,75,83,71,87,100,82,93,109,85,83,94,80,89,105,86,89,105,81,0
67,69,58,71,76,63,71,78,65,65,70,58,65,71,59,67,74,61,63,72,58,63,71,58,64,71,57,0
68,68,58,62,64,53,59,63,52,62,66,57,60,64,54,60,65,54,59,65,55,60,65,55,60,67,56,0
66,67,61,60,60,55,58,58,52,58,60,54,55,54,50,54,53,49,60,62,54,58,58,53,57,56,51,0
77,75,66,77,75,67,74,71,63,75,72,61,69,66,56,64,60,51,65,62,51,58,55,45,56,52,43,0
83,72,69,84,73,70,87,76,75,83,74,68,81,71,68,82,71,68,80,73,65,77,70,62,77,70,62,0
72,62,53,68,59,50,67,61,51,73,65,54,68,62,52,66,59,50,67,62,52,65,61,51,67,61,51,0
56,54,43,57,57,45,59,60,48,53,53,43,55,55,44,57,59,47,50,51,41,49,50,40,54,56,44,0
79,68,64,70,63,58,62,58,52,64,55,51,60,54,50,57,53,50,74,67,64,68,62,58,61,57,53,0
46,43,34,46,45,34,50,48,37,48,44,36,48,44,35,50,46,37,50,46,38,51,44,37,49,44,35,0
56,47,42,55,47,42,54,47,40,50,43,37,52,43,37,52,45,39,48,42,36,52,43,38,55,48,43,0
53,53,42,54,55,42,56,57,43,53,56,46,54,57,45,57,60,47,57,62,51,58,62,51,64,68,57,0
68,68,57,67,66,57,69,67,58,67,69,57,65,65,55,65,64,54,72,73,62,67,69,58,65,66,55,0
71,71,57,76,77,63,75,76,64,66,65,55,67,66,56,66,65,54,64,62,54,64,62,54,65,62,55,0
56,56,45,57,56,44,59,57,46,57,56,45,58,57,45,62,59,47,60,56,47,62,58,47,65,62,49,0
90,89,75,86,85,72,82,81,69,91,89,72,90,88,73,84,83,69,92,90,72,91,89,73,86,83,69,0
66,74,53,66,73,54,69,74,57,72,83,61,69,80,58,64,74,55,61,73,51,57,68,46,53,62,45,0
7,12,7,34,44,35,31,43,34,5,8,5,26,33,29,26,34,30,5,9,7,28,40,34,30,42,36,0
20,24,18,20,21,16,20,21,16,19,19,16,19,18,15,18,18,15,19,20,16,18,19,15,18,19,15,0
33,34,31,37,38,35,45,45,42,34,35,34,43,44,42,46,47,44,41,42,39,51,53,48,48,50,45,0
58,74,60,51,69,50,49,68,47,61,75,64,60,75,59,56,72,54,45,56,47,53,63,51,53,63,50,0
38,43,30,36,41,27,35,42,30,39,43,30,32,37,24,30,35,24,37,40,30,33,36,26,30,33,26,0
51,70,51,54,73,54,55,76,56,50,62,49,51,65,52,53,68,54,49,58,48,55,64,53,56,66,54,0
49,62,48,46,57,43,42,52,38,46,52,43,46,50,42,42,45,39,47,48,42,46,47,40,42,41,37,0
43,44,38,44,44,39,46,47,42,39,41,36,40,41,37,39,40,36,34,34,30,36,38,33,37,41,36,0
45,47,41,44,46,40,46,50,44,46,48,42,41,44,38,44,49,42,52,53,47,43,47,39,42,48,39,0
54,61,51,56,60,52,60,65,56,59,68,55,58,65,52,61,68,55,50,58,46,54,60,48,54,61,46,0
52,59,45,59,63,51,59,62,50,64,70,58,68,71,59,64,65,54,66,69,58,67,68,58,66,65,55,0
48,56,39,49,59,42,51,61,44,45,55,39,45,57,40,47,58,43,58,68,50,60,71,53,62,74,57,0
68,78,66,72,85,72,90,102,88,84,93,83,81,95,83,81,94,80,80,89,78,81,92,80,69,82,68,0
70,81,62,72,89,69,82,99,81,56,65,51,52,63,50,57,70,55,51,58,47,40,45,37,40,48,39,0
76,87,72,74,84,68,77,87,71,71,84,63,71,83,63,78,88,71,66,80,57,70,82,60,77,87,66,0
54,45,43,61,51,51,64,56,56,52,44,40,61,53,50,67,59,59,52,47,43,61,56,53,67,62,58,0
32,28,26,30,25,24,31,24,25,39,38,33,35,33,30,34,30,29,44,46,39,41,43,37,41,40,36,0
42,37,34,43,40,36,43,40,36,34,29,26,33,30,26,33,30,26,33,28,25,32,27,24,32,27,26,0
56,48,43,66,59,54,76,71,66,47,40,39,53,46,44,61,54,51,57,52,51,54,47,47,61,52,52,0
66,64,60,65,63,55,62,62,52,63,62,55,61,59,52,58,59,49,59,57,49,56,55,45,54,55,44,0
55,53,48,57,56,50,65,65,58,54,52,50,60,56,55,70,64,64,63,60,61,71,66,67,74,68,69,0
90,83,80,85,79,76,81,75,73,89,84,81,84,80,76,82,79,74,85,83,77,79,78,72,80,83,74,0
70,79,65,73,83,68,77,86,71,74,86,67,77,90,73,78,91,77,74,86,64,78,90,71,73,87,70,0
65,68,59,68,68,59,67,65,57,69,75,62,69,69,57,67,67,55,70,78,63,69,73,58,66,69,54,0
46,40,34,48,41,35,49,43,36,50,44,39,52,46,41,53,47,41,52,48,44,58,53,48,59,52,47,0
65,58,54,66,60,55,59,56,50,61,54,52,64,58,56,63,58,55,65,60,59,72,67,66,74,69,68,0
62,61,51,63,62,52,64,63,53,63,63,52,62,63,50,62,63,49,59,56,46,55,54,43,53,53,40,0
74,71,71,71,69,68,63,62,58,75,73,73,67,67,68,60,62,57,74,71,73,64,62,64,57,59,56,0
55,57,48,58,60,50,65,66,56,56,58,48,61,63,53,69,69,59,59,58,49,62,63,53,68,67,58,0
60,53,48,62,56,51,72,65,58,63,57,51,67,62,55,72,69,60,64,58,51,68,64,56,74,70,61,0
59,56,51,58,58,52,57,58,49,56,54,48,52,52,46,54,54,48,57,56,51,57,57,51,57,57,51,0
63,61,49,73,68,59,76,71,64,64,59,49,74,68,63,74,67,66,67,62,56,75,68,65,71,64,63,0
63,60,52,60,57,49,60,58,49,64,62,54,65,64,53,66,65,54,62,62,51,67,66,56,67,67,57,0
56,62,53,53,58,49,54,54,47,55,63,52,54,60,49,54,57,48,54,64,55,55,62,53,54,58,51,0
8,10,8,38,45,39,38,47,39,7,9,8,37,43,38,37,45,38,7,9,7,33,40,35,31,39,32,0
31,40,31,32,42,30,30,38,27,31,40,27,27,37,22,26,34,21,31,43,29,31,41,26,29,38,25,0
42,40,40,44,42,42,43,42,38,47,45,43,47,44,41,40,37,34,50,52,45,45,46,39,37,38,30,0
51,62,49,55,67,52,56,67,50,46,54,43,48,56,43,47,55,40,35,43,32,40,46,35,45,51,40,0
63,80,61,62,75,59,57,64,53,51,68,47,52,66,49,51,62,51,45,62,45,40,54,42,43,54,45,0
65,88,66,64,86,67,72,94,76,67,92,67,67,90,68,66,86,66,78,103,75,69,90,68,59,79,58,0
57,76,59,65,84,68,75,96,75,54,74,54,53,73,53,52,72,53,86,111,84,66,90,61,43,63,41,0
24,28,25,23,26,24,26,29,27,25,26,24,24,26,25,28,31,30,24,24,24,26,27,27,33,36,34,0
46,52,60,46,57,65,47,59,70,48,53,64,46,54,67,48,59,71,45,51,64,45,53,66,45,55,65,0
60,63,61,59,57,53,59,55,53,49,55,52,59,56,52,60,56,54,42,47,45,51,49,47,50,46,45,0
40,42,36,26,25,21,21,19,16,27,27,23,22,22,18,21,20,16,29,25,23,24,20,19,25,24,23,0
23,25,25,27,27,27,35,33,33,24,24,24,26,26,26,32,32,32,27,26,26,29,28,28,33,33,33,0
60,62,60,46,48,46,38,38,38,60,63,62,49,53,53,46,50,50,61,62,58,58,59,57,55,57,56,0
48,48,42,55,57,51,58,57,51,48,48,45,60,61,57,68,67,62,51,46,45,57,54,52,57,56,52,0
46,39,40,45,37,38,43,35,36,44,37,38,45,38,40,43,37,38,43,38,36,41,36,36,42,38,37,0
56,57,50,55,51,47,57,53,54,73,78,67,55,56,48,56,53,53,66,75,63,53,57,47,50,50,48,0
74,73,72,73,76,74,65,73,70,79,88,80,80,93,85,68,84,75,89,112,96,91,120,101,87,116,98,0
38,34,34,40,36,35,54,53,50,47,47,45,51,49,49,53,52,53,73,82,73,75,82,77,70,76,74,0
74,67,65,75,69,69,72,68,71,84,76,72,81,72,70,82,72,71,73,67,64,74,66,63,78,66,63,0
62,64,59,64,65,61,77,77,76,70,70,65,76,75,71,80,78,77,74,75,71,74,75,71,71,72,71,0
94,102,95,89,99,91,86,96,89,91,98,92,87,93,88,83,89,84,103,112,109,103,109,106,93,99,96,0
84,91,88,71,72,70,74,70,69,103,108,103,101,101,97,107,104,100,118,122,116,127,128,122,133,132,127,0
97,101,97,109,114,107,128,134,125,128,129,126,140,143,138,161,165,159,146,145,143,147,148,142,154,156,149,0
120,124,124,131,134,130,144,148,144,180,182,184,192,197,196,212,215,213,238,240,239,245,247,245,252,253,250,0
229,229,225,235,235,231,240,241,236,254,252,244,255,251,243,255,252,243,253,246,237,252,241,233,252,238,231,1
242,231,219,236,224,213,232,221,212,222,208,197,220,208,197,216,205,195,204,196,187,212,204,195,220,213,204,1
238,229,220,246,235,227,252,238,232,254,250,239,253,249,237,252,244,234,255,252,242,255,252,241,255,251,240,1
245,230,220,234,216,208,222,204,197,238,225,216,228,212,205,209,194,188,219,210,200,215,205,194,204,199,190,0
138,144,133,134,144,133,134,145,138,112,124,114,114,127,120,119,133,130,115,122,112,122,128,120,126,130,126,0
147,146,148,120,123,126,105,108,109,146,150,146,119,124,123,98,100,98,133,147,138,116,128,121,103,112,106,0
82,93,77,77,88,72,64,72,60,73,81,69,71,76,66,60,63,55,60,62,57,62,63,59,60,61,57,0
85,91,79,75,83,73,69,79,68,79,87,71,77,86,72,73,85,69,81,91,74,81,93,75,76,93,72,0
90,92,80,84,86,74,73,75,63,94,96,81,90,93,79,80,83,71,95,98,81,90,94,79,82,86,73,0
41,52,40,40,45,34,41,41,31,43,53,40,46,53,40,50,55,43,54,64,51,58,69,56,63,73,61,0
6,8,6,30,33,29,29,33,27,6,9,5,27,33,26,27,33,25,7,11,8,37,46,38,36,44,34,0
27,33,24,24,29,22,24,29,23,26,29,22,22,25,19,22,25,19,26,28,21,24,26,20,26,28,22,0
37,43,37,47,48,42,55,54,47,43,49,43,49,54,47,57,58,49,44,52,47,48,58,49,55,62,49,0
54,70,53,52,68,52,53,67,54,63,79,60,62,78,59,56,72,53,59,77,54,59,78,54,58,76,53,0
70,82,65,74,90,69,75,97,70,75,94,74,74,96,71,74,97,68,58,81,59,59,80,57,63,79,56,0
100,108,84,89,97,72,81,95,74,81,97,65,73,88,59,63,82,60,57,74,52,51,67,47,46,61,49,0
50,45,43,46,41,40,44,41,38,39,32,32,38,32,32,36,30,29,39,32,30,35,28,27,32,26,25,0
96,94,95,106,101,102,103,96,96,84,81,82,82,77,78,76,69,69,62,60,58,61,57,55,60,55,54,0
66,69,69,65,74,74,60,71,75,57,61,61,62,70,70,60,71,73,61,61,62,64,67,68,57,62,62,0
46,59,58,47,59,61,55,64,64,48,57,57,64,72,76,82,90,90,57,62,62,76,80,84,89,95,95,0
62,61,58,59,56,52,64,61,58,58,61,59,53,52,49,66,64,62,50,56,55,44,46,45,46,47,48,0
75,72,71,69,67,66,71,68,67,76,71,70,74,69,69,79,74,73,75,69,70,79,72,74,78,72,74,0
72,69,65,73,69,66,70,64,62,61,60,56,68,66,61,69,67,63,52,54,51,60,60,57,62,61,60,0
68,63,61,67,63,63,69,64,64,65,62,58,60,58,57,61,58,58,62,59,56,61,56,56,58,56,55,0
75,77,75,68,71,66,65,68,60,54,56,54,51,54,50,56,58,54,37,38,38,36,37,37,38,39,39,0
69,91,79,70,97,84,68,96,84,65,80,68,64,82,69,65,87,74,58,69,58,55,70,57,65,84,71,0
89,116,103,83,112,96,87,111,96,97,124,118,89,117,106,90,116,102,90,110,111,87,109,105,95,119,110,0
92,117,104,80,103,90,66,86,73,91,119,105,89,115,101,84,108,94,98,129,119,99,129,120,107,136,125,0
122,133,132,112,121,121,105,115,116,117,136,136,117,134,137,123,138,142,137,156,158,138,155,159,146,157,163,0
148,154,162,147,152,160,166,170,178,191,192,196,198,199,203,211,211,216,225,222,221,230,227,227,241,238,238,0
254,246,246,255,251,250,255,254,250,254,251,247,255,250,246,255,253,248,254,252,244,255,251,243,255,252,246,1
235,224,214,243,232,220,243,231,219,232,220,211,237,225,216,233,220,210,216,205,198,212,201,195,204,191,186,1
186,183,175,185,182,178,187,186,185,196,193,186,196,193,190,192,191,190,194,193,188,199,197,194,200,196,196,1
213,199,190,235,221,208,251,238,223,233,220,211,242,229,218,243,230,221,243,231,223,236,223,217,229,217,216,1
235,223,220,236,224,220,235,222,218,229,217,214,227,216,212,229,218,214,219,208,206,217,206,202,223,212,208,1
232,223,217,238,226,220,237,223,218,212,205,202,217,206,203,220,207,205,212,206,205,209,202,200,203,196,195,1
110,125,128,105,120,122,98,110,113,109,123,128,104,117,123,96,107,113,106,119,125,103,112,119,97,106,112,0
117,124,128,109,115,120,99,107,112,134,141,141,128,134,139,111,118,124,124,128,128,119,126,133,105,114,124,0
77,74,71,87,84,82,90,90,87,69,63,59,79,71,67,93,84,79,67,62,58,70,63,56,79,70,63,0
91,100,89,83,92,81,82,92,82,92,96,85,86,94,83,84,94,84,81,84,74,82,89,79,85,95,85,0
71,82,79,78,94,91,79,98,96,77,86,82,90,101,98,98,111,109,118,122,112,142,144,136,157,158,151,0
72,106,86,75,107,87,73,105,85,65,94,77,64,91,73,65,91,72,69,96,81,65,94,74,64,91,72,0
77,104,88,75,103,88,74,104,88,85,108,93,83,107,92,80,107,92,79,105,89,78,104,86,75,103,84,0
72,96,78,70,100,76,76,113,87,69,93,72,65,96,70,70,108,80,69,96,73,71,103,75,67,106,78,0
10,12,11,49,56,55,53,59,57,11,12,14,52,58,59,52,59,60,10,11,15,46,54,58,42,54,56,0
51,56,49,52,57,50,49,54,47,58,68,55,56,65,54,49,58,47,57,67,54,52,62,49,45,55,43,0
39,48,39,40,49,40,43,54,44,39,47,40,50,59,51,53,65,55,36,42,39,49,58,52,50,61,54,0
60,57,52,62,59,54,65,62,57,59,57,53,60,56,52,60,57,52,54,55,49,57,56,50,58,55,50,0
30,32,31,32,34,32,36,36,33,29,30,28,30,30,28,34,32,31,29,30,29,29,29,27,32,30,29,0
39,44,36,35,39,33,33,38,34,38,42,35,35,38,33,34,40,35,38,39,35,33,37,32,36,41,36,0
46,55,47,48,57,49,46,58,46,40,45,41,38,45,40,37,46,38,34,37,35,36,39,37,39,42,40,0
50,59,49,46,54,45,39,49,40,46,58,49,47,59,51,45,59,52,47,59,54,49,60,55,50,63,58,0
51,49,48,54,53,50,50,49,45,38,40,36,45,46,42,41,43,38,37,40,37,38,42,38,38,42,37,0
59,67,58,68,75,69,75,77,73,56,65,54,57,64,59,56,61,56,45,49,43,47,52,49,46,51,49,0
81,99,88,87,108,95,85,106,92,74,84,81,81,94,85,89,105,94,80,86,85,75,85,80,79,92,83,0
59,69,68,58,66,68,52,59,62,61,75,76,64,77,79,64,76,78,58,79,77,68,87,86,74,92,91,0
76,103,93,76,103,90,74,100,86,79,98,92,76,95,87,68,85,78,72,86,82,70,83,76,66,74,71,0
95,122,114,81,105,98,71,91,88,96,117,113,87,108,104,90,108,106,75,90,86,79,96,94,100,116,113,0
84,102,104,92,108,114,106,122,129,134,143,142,144,152,154,156,165,168,139,148,147,152,160,160,157,168,166,0
137,150,151,120,132,134,106,118,119,140,156,156,126,139,143,109,121,125,119,131,137,116,127,135,113,124,134,0
236,230,231,237,233,234,238,234,235,241,233,231,241,235,234,239,234,233,238,230,232,243,237,240,239,235,237,1
255,251,250,253,251,252,255,253,255,254,250,250,255,251,252,255,252,254,252,249,251,255,250,253,255,253,254,1
242,233,236,243,235,238,247,242,244,244,238,243,236,231,234,242,236,239,247,240,245,241,236,241,244,238,245,1
225,219,221,228,222,224,229,224,225,221,213,217,222,214,218,224,217,218,220,211,213,222,214,215,230,222,222,1
193,195,199,189,192,196,187,190,193,188,193,196,187,191,195,188,192,194,187,192,195,187,190,194,187,191,193,1
234,222,220,223,213,212,223,214,214,224,214,211,222,210,209,227,215,215,212,205,202,215,207,205,222,212,211,1
175,171,170,170,166,166,180,175,176,206,205,204,208,203,202,215,208,209,214,210,209,214,210,209,221,214,215,1
221,210,210,216,203,204,213,201,201,227,211,212,230,217,215,232,220,216,226,212,209,228,216,211,233,221,216,1
188,178,179,179,166,168,183,171,171,204,192,193,181,167,171,171,157,161,237,221,216,228,214,211,227,214,211,1
173,169,168,187,183,178,216,211,203,175,175,174,181,179,175,192,189,182,160,167,167,148,157,153,152,162,155,0
148,150,151,124,127,131,106,110,115,149,144,144,147,142,144,149,147,149,138,129,126,168,156,151,212,199,193,0
112,130,124,105,119,118,91,109,110,132,152,145,121,140,135,106,123,123,136,156,155,136,155,155,132,146,149,0
82,106,103,80,101,99,82,100,99,83,105,102,83,103,101,83,100,99,91,110,108,95,112,110,97,112,112,0
114,111,110,107,104,102,96,95,90,127,128,125,123,126,124,119,122,119,133,138,135,130,135,133,125,131,129,0
66,76,74,68,74,73,72,75,74,67,76,76,65,72,70,66,70,68,62,70,68,56,63,57,54,61,54,0
91,98,86,120,121,109,150,147,136,91,96,84,111,108,99,124,117,109,65,71,62,67,66,60,69,64,60,0
60,70,65,56,68,63,57,68,62,51,58,53,47,55,49,47,54,48,53,50,50,49,49,47,49,50,47,0
39,47,40,35,43,36,33,40,33,36,44,37,35,42,35,36,43,36,35,42,35,33,40,33,36,44,36,0
16,16,15,67,68,67,53,56,55,12,12,12,50,52,50,39,45,43,12,16,14,55,69,66,44,62,57,0
57,67,65,59,70,68,57,69,67,58,70,70,58,68,68,59,67,68,66,84,85,65,81,82,69,81,81,0
53,65,67,57,68,73,59,71,74,54,63,67,57,65,72,58,67,74,63,73,75,63,69,74,58,64,70,0
80,92,88,81,89,88,89,96,94,117,128,122,122,130,125,127,132,127,109,127,115,110,125,113,115,127,116,0
49,68,66,58,81,77,61,88,80,50,70,68,58,80,78,59,86,78,69,92,87,71,98,91,67,96,86,0
49,65,60,47,62,59,48,63,61,56,74,67,62,80,73,65,83,76,81,102,96,88,109,103,92,113,108,0
78,107,98,80,103,96,85,106,101,86,115,106,94,118,113,103,124,120,91,118,111,96,122,116,97,121,117,0
92,99,87,73,86,77,57,76,67,160,162,152,133,142,133,111,125,117,163,174,166,154,167,159,138,153,144,0
66,84,73,68,88,76,67,90,76,70,91,87,69,93,86,67,95,85,77,99,101,73,97,95,75,106,98,0
91,120,108,90,117,99,88,118,97,89,118,103,88,116,99,85,115,96,86,111,99,87,112,102,87,114,104,0
100,130,118,101,133,121,98,132,119,96,125,115,97,125,118,95,122,116,88,113,110,95,116,116,100,118,119,0
107,126,133,97,117,125,94,114,123,124,137,146,114,129,136,107,122,129,118,130,136,117,126,133,128,135,140,0
115,122,124,113,119,124,122,131,134,132,135,142,142,142,152,150,150,155,152,154,159,157,157,164,167,163,167,0
212,211,213,218,214,219,226,219,225,209,209,212,216,214,219,228,222,229,201,199,204,216,211,218,224,220,226,1
252,253,253,253,253,254,250,249,250,252,248,250,253,250,251,255,253,253,253,245,248,250,243,246,252,246,248,1
253,250,255,249,248,252,245,243,247,255,254,255,253,250,253,251,249,251,253,252,253,250,248,249,246,243,243,1
247,242,245,253,248,250,255,253,254,250,249,251,250,250,253,252,249,255,255,255,255,254,252,255,250,247,252,1
249,241,243,242,232,238,234,227,231,236,231,234,232,225,232,224,219,229,223,221,228,226,223,232,223,222,231,1
248,236,236,234,225,226,215,211,215,227,220,221,225,219,220,216,210,214,213,212,216,215,212,217,213,208,213,1
149,149,151,152,149,151,158,153,155,147,148,150,158,153,154,171,163,163,151,155,155,167,165,166,195,188,188,1
210,204,210,214,207,212,219,213,216,211,205,209,220,211,217,225,215,219,198,190,191,210,199,203,216,203,207,1
252,242,240,242,230,228,225,216,213,233,220,217,228,216,215,218,207,208,230,215,210,225,209,205,222,207,206,1
216,199,193,218,200,193,224,206,199,228,210,204,234,215,210,228,208,202,229,210,205,242,223,218,244,223,218,1
231,215,205,236,226,213,250,243,230,226,203,193,227,205,193,238,216,203,253,239,226,251,235,221,246,227,214,1
254,238,232,252,235,227,252,236,227,251,240,230,252,239,228,255,244,232,255,247,233,255,250,236,255,254,242,1
241,234,225,226,216,207,216,204,196,254,248,238,245,232,224,226,211,204,255,253,246,253,245,238,234,222,215,1
161,165,163,149,152,150,133,136,134,148,153,151,140,146,145,132,137,136,143,142,141,136,137,137,129,130,134,0
108,112,106,109,113,107,107,111,106,98,105,96,104,111,101,107,114,107,89,100,91,91,102,93,96,108,99,0
151,145,143,152,147,147,144,141,143,152,149,144,160,157,154,159,156,157,149,149,142,163,161,156,180,176,174,0
74,82,80,74,86,82,76,92,85,63,67,71,60,65,67,59,65,65,63,65,73,58,61,67,58,60,64,0
122,133,131,130,142,140,131,143,143,92,105,103,96,108,106,100,111,109,83,99,97,86,101,99,87,102,99,0
180,167,147,177,166,146,176,167,147,165,148,127,169,154,135,172,160,142,141,126,107,154,137,118,165,149,131,0
32,36,40,32,37,37,33,41,34,48,54,54,48,54,51,48,56,50,69,77,70,65,73,64,59,69,57,0
30,34,28,31,35,29,30,34,27,30,34,28,30,35,28,31,36,29,26,30,26,25,29,24,30,34,28,0
13,14,16,64,71,72,60,72,69,15,16,18,68,76,76,61,70,69,15,19,16,69,81,76,64,77,73,0
63,82,73,59,76,71,53,67,64,48,59,55,44,53,51,42,53,50,42,44,43,40,44,44,40,49,47,0
38,53,47,40,54,51,39,52,50,49,66,60,49,65,59,47,61,57,48,67,62,52,69,64,53,69,64,0
120,132,139,120,132,136,119,131,135,113,125,131,110,121,126,104,114,118,98,112,116,91,105,108,85,96,97,0
122,129,134,117,124,131,118,128,137,128,141,149,148,161,168,159,169,176,135,153,160,154,169,172,155,163,164,0
141,155,164,150,160,167,163,169,174,101,113,121,100,109,116,108,116,120,89,96,99,92,100,103,98,106,108,0
108,130,122,104,124,120,97,116,116,86,110,103,85,107,103,85,105,105,84,105,99,89,109,106,93,113,112,0
104,116,133,99,109,128,98,106,126,103,112,128,94,103,122,96,105,124,96,106,117,94,106,121,110,120,137,0
102,109,116,104,113,119,105,116,119,125,129,133,130,136,139,127,132,136,134,142,145,129,134,137,118,122,124,0
125,135,148,129,138,150,142,151,161,149,158,169,159,164,174,170,174,183,162,169,177,171,172,179,179,180,187,0
204,208,210,204,206,212,208,209,215,200,203,204,202,203,206,208,208,213,195,196,198,198,197,200,204,201,206,1
236,232,234,237,235,237,245,241,244,243,235,237,239,234,235,245,239,239,241,237,236,239,236,235,237,234,234,1
238,232,237,245,240,246,243,236,244,238,231,240,245,241,250,249,246,253,241,236,245,242,238,249,244,242,252,1
255,249,252,253,245,248,249,242,244,252,246,253,246,240,247,245,240,245,241,237,245,238,232,242,241,238,246,1
220,217,226,229,223,232,240,227,237,226,226,232,235,233,239,235,229,236,226,223,224,226,225,227,235,232,233,1
234,226,232,232,225,230,228,221,225,214,206,214,215,209,215,224,218,221,211,205,216,205,199,210,219,214,222,1
236,235,243,231,234,245,229,226,241,235,233,241,227,228,238,225,223,234,217,213,223,211,209,218,215,212,219,1
216,213,220,208,204,212,195,190,200,216,211,222,205,202,212,197,196,205,214,209,222,206,203,217,200,198,209,1
184,188,193,183,185,194,183,183,195,185,185,194,181,182,192,188,188,200,171,168,176,173,172,182,182,185,194,1
208,204,205,230,225,224,244,239,238,222,220,223,229,226,227,236,231,233,236,234,242,233,232,236,223,216,223,1
228,224,225,228,223,223,230,221,222,226,220,222,222,217,217,225,217,217,230,222,226,227,218,221,223,214,216,1
228,227,235,229,228,235,230,229,235,232,229,235,233,230,236,234,230,236,233,226,229,233,227,229,232,226,230,1
216,217,219,217,220,221,218,219,220,212,213,215,212,215,216,210,213,213,210,211,211,208,209,208,208,209,207,1
213,206,206,208,203,199,206,198,197,214,205,204,215,204,201,212,201,196,213,207,204,223,214,207,237,230,219,1
219,210,204,216,207,201,210,202,196,216,208,205,211,202,200,207,198,196,210,206,204,205,199,197,204,196,195,1
209,200,199,212,204,203,213,203,203,207,200,196,215,206,203,217,206,203,205,196,193,214,205,199,222,211,203,1
222,208,203,218,204,201,210,197,195,235,218,214,227,212,207,222,208,205,230,212,209,227,212,207,221,210,207,1
142,137,137,156,151,150,161,159,157,144,140,137,154,151,148,164,162,158,145,144,143,139,142,141,144,145,144,0
125,127,127,123,126,126,116,121,122,111,114,116,108,112,113,109,114,114,102,105,109,99,102,106,101,104,105,0
88,100,96,96,108,99,106,117,106,91,103,100,85,98,93,86,99,91,94,102,103,85,95,95,80,90,90,0
67,87,77,74,94,81,78,96,84,54,72,65,64,80,72,73,89,81,53,63,60,57,68,62,63,74,68,0
63,81,74,68,84,78,72,86,83,65,83,73,66,83,75,65,81,76,68,85,73,67,84,74,64,81,71,0
52,59,54,52,56,53,51,54,52,52,59,55,54,58,56,54,58,56,50,56,53,50,55,54,53,56,56,0
56,72,57,57,71,59,53,65,56,52,66,54,54,65,56,53,62,55,46,58,48,45,56,48,45,51,45,0
19,20,19,92,95,94,88,90,93,20,22,22,95,100,101,87,93,95,20,21,22,93,99,101,83,90,93,0
71,92,90,70,92,88,69,90,87,80,105,101,78,107,99,79,107,99,90,119,110,90,122,109,89,122,109,0
91,106,104,86,101,99,85,100,97,94,115,109,89,109,104,83,103,97,80,103,95,73,97,91,70,94,88,0
95,114,111,100,118,114,105,121,115,93,111,110,97,112,109,98,114,108,95,111,114,97,112,113,94,108,108,0
112,135,141,111,135,141,109,136,143,111,128,137,109,130,138,107,132,138,102,119,127,105,124,130,105,124,130,0
101,114,118,94,109,114,86,101,108,89,106,107,83,102,104,82,102,105,79,100,97,81,103,101,86,107,108,0
89,109,110,95,117,113,100,123,118,88,108,111,93,115,114,99,122,118,89,108,114,89,108,111,91,110,112,0
122,132,140,139,147,153,151,160,164,149,154,161,163,168,173,174,180,183,176,180,186,180,185,188,182,187,190,1
194,195,199,201,201,205,204,204,207,223,223,226,230,227,229,222,217,218,235,234,237,237,234,235,223,218,218,1
220,219,218,217,217,218,215,215,221,221,219,217,217,216,218,216,215,222,219,217,216,220,219,220,220,222,224,1
242,240,236,243,240,238,235,233,232,245,240,236,245,237,236,238,231,230,236,228,224,236,227,225,234,224,224,1
228,224,227,232,225,231,228,220,226,238,235,236,228,221,226,228,221,227,241,239,242,224,219,224,228,222,226,1
216,218,227,212,213,222,203,205,213,207,207,216,208,206,214,207,206,211,212,209,216,212,208,215,214,208,212,1
217,207,219,212,206,218,203,200,211,217,212,223,213,210,222,206,204,215,214,213,224,219,220,230,219,219,229,1
215,208,214,216,209,215,220,213,218,214,209,215,216,209,215,216,209,216,216,213,220,217,212,219,213,208,215,1
190,183,190,201,194,203,202,196,207,203,196,203,205,201,210,201,199,209,208,203,211,208,205,214,205,208,218,1
182,184,195,172,175,186,176,179,190,178,177,187,166,166,175,170,168,178,179,177,187,171,167,178,169,165,175,1
183,181,187,183,183,191,176,178,187,169,170,178,167,169,178,165,169,179,163,166,175,163,166,177,164,169,181,1
204,196,206,210,200,210,204,196,205,204,196,208,205,195,207,200,191,202,197,189,203,198,190,202,192,186,195,1
210,202,210,211,202,212,221,210,222,213,206,213,211,203,213,216,206,218,209,204,212,207,201,210,215,207,218,1
230,222,233,233,224,234,237,228,237,231,223,234,232,224,234,233,225,233,229,221,231,229,221,231,225,218,226,1
236,232,236,233,229,234,234,230,234,235,228,231,233,227,229,236,230,232,230,223,227,231,225,229,231,225,229,1
223,220,224,216,214,219,213,210,215,216,216,219,212,213,217,212,212,216,217,217,222,212,212,217,212,213,218,1
240,242,239,247,250,246,252,253,249,218,217,216,222,221,218,227,226,221,216,213,213,216,213,210,214,210,206,1
208,200,197,204,198,193,209,202,197,224,217,218,224,217,217,218,211,212,252,252,253,253,252,254,240,238,243,1
202,197,190,210,204,198,226,217,212,201,198,192,211,204,199,225,214,210,210,197,195,218,201,199,224,205,202,1
200,195,191,186,182,178,182,178,173,221,212,203,212,203,193,209,199,191,242,227,215,231,218,206,218,207,198,1
217,206,202,209,198,194,208,199,196,201,190,187,196,186,182,195,187,182,184,172,168,180,169,164,176,166,161,1
141,142,140,141,141,142,136,134,137,140,137,137,141,138,139,141,137,140,131,127,129,135,130,132,141,135,139,0
126,126,131,121,121,127,115,115,122,133,139,138,130,134,136,124,128,132,120,136,127,117,131,124,119,130,127,0
70,73,79,74,77,81,86,89,93,93,97,100,91,95,97,91,95,95,109,113,115,110,114,114,106,111,110,0
110,119,120,111,119,121,107,113,117,84,88,92,95,100,105,98,105,110,70,74,78,73,76,82,75,80,88,0
130,135,136,127,130,132,131,131,134,112,116,116,111,112,115,111,110,114,105,105,105,101,100,104,96,94,100,0
69,80,85,68,79,83,69,79,82,72,82,89,70,80,86,70,80,83,79,89,97,76,85,93,75,84,89,0
25,27,33,122,131,137,116,125,132,23,25,33,110,120,129,104,115,122,24,25,30,111,121,125,105,115,120,0
91,99,109,87,96,105,89,100,108,95,106,113,98,107,115,102,113,120,101,111,118,109,120,125,111,120,127,0
94,112,115,95,113,114,97,115,115,90,105,109,94,108,111,100,113,115,91,101,108,95,105,111,96,106,113,0
114,126,131,117,129,132,114,127,128,114,126,132,117,129,132,108,121,123,112,124,126,110,122,124,103,116,118,0
115,125,133,124,133,142,127,136,145,133,140,147,139,147,155,143,151,160,147,152,157,153,158,163,156,162,169,0
165,173,181,175,179,186,182,185,192,161,166,176,172,175,185,181,181,190,171,175,182,179,182,188,185,185,191,1
185,186,190,188,188,192,185,185,187,183,183,189,185,184,188,182,180,184,186,187,192,186,185,189,182,180,182,1
211,209,209,215,213,213,216,214,214,218,213,214,217,213,214,220,216,217,219,214,218,217,213,217,220,216,220,1
220,217,217,222,220,220,221,220,219,222,221,220,223,223,221,224,222,221,224,224,223,225,226,224,225,223,220,1
216,211,215,221,217,217,221,217,217,217,210,213,219,212,214,221,215,217,217,210,215,216,211,213,215,211,213,1
213,213,210,208,208,211,214,214,218,205,203,204,211,208,213,217,216,221,212,210,215,216,215,218,213,214,216,1
190,195,204,197,202,210,205,210,218,197,200,208,204,208,213,206,208,213,205,207,209,209,210,212,209,209,210,1
214,212,217,220,217,222,221,217,223,223,223,227,219,219,223,217,216,223,222,221,225,210,210,214,204,206,209,1
229,224,230,216,213,222,208,208,218,230,223,232,216,211,222,209,207,218,226,219,229,217,213,225,213,212,223,1
207,208,219,202,205,215,199,202,211,203,204,218,200,201,215,196,197,211,201,201,216,201,200,215,195,195,210,1
215,216,226,227,228,238,226,227,239,210,211,221,225,225,235,224,225,235,212,218,227,234,239,248,238,242,249,1
187,186,194,182,182,190,187,187,198,190,190,202,183,185,197,183,187,198,187,188,202,180,182,194,182,184,194,1
203,200,215,205,203,218,197,194,209,184,181,196,181,178,194,187,184,199,188,187,196,190,188,199,188,186,198,1
182,181,190,187,186,196,196,196,206,189,188,198,199,196,203,215,212,214,196,193,204,214,211,218,231,228,229,1
244,241,246,238,235,241,222,221,228,243,235,246,235,228,240,219,213,226,227,212,227,226,214,228,216,207,221,1
230,224,229,230,226,231,227,223,228,231,225,230,227,223,228,224,220,226,225,220,225,225,221,227,223,218,226,1
237,230,244,237,230,246,238,231,244,239,234,244,238,232,242,236,230,239,253,249,252,249,242,248,242,236,241,1
231,226,232,230,224,230,232,227,233,226,224,228,226,223,228,225,224,229,222,218,225,222,221,227,218,220,224,1
222,215,214,216,213,212,210,208,207,234,232,232,222,220,220,209,208,208,222,221,222,215,216,216,205,206,206,1
209,199,201,208,199,197,207,200,196,199,195,196,204,198,199,205,198,197,189,187,189,194,189,191,200,193,195,1
190,192,193,190,192,194,188,189,193,191,191,191,188,187,188,190,189,192,197,193,193,197,193,194,201,197,198,1
229,224,229,226,219,222,218,210,211,196,195,200,195,191,196,194,188,191,181,184,189,181,182,187,183,184,189,1
177,171,171,184,176,177,189,182,181,180,172,172,186,176,178,189,182,180,177,169,169,187,175,178,191,181,182,1
250,250,249,251,250,249,251,248,247,226,223,221,221,216,216,218,213,215,208,204,203,205,200,200,203,199,200,1
142,150,149,141,149,148,134,141,141,127,135,135,128,136,136,128,138,137,128,136,136,126,135,135,123,134,132,0
112,123,115,111,122,113,105,118,109,110,121,115,114,126,119,116,129,122,104,114,111,106,117,113,109,120,116,0
86,94,93,80,87,86,80,85,84,96,104,106,95,100,102,91,95,98,97,106,107,99,107,108,104,109,111,0
63,68,70,63,68,70,68,73,74,69,76,81,70,76,79,70,74,76,85,92,97,86,91,96,82,86,91,0
83,86,108,90,94,113,87,92,109,71,74,96,74,80,99,77,81,98,64,69,90,64,69,89,67,72,90,0
27,26,32,129,127,136,122,121,131,28,28,32,133,132,138,123,123,131,28,28,31,134,136,140,131,135,140,0
129,134,140,133,136,141,133,136,140,128,133,140,130,133,141,135,137,143,130,133,141,140,141,149,147,145,155,0
154,155,159,158,158,163,164,161,166,159,158,164,167,165,171,171,169,174,172,169,178,175,173,179,177,176,181,1
177,171,177,179,173,179,183,176,183,172,169,175,180,176,182,186,180,187,185,184,190,190,189,195,190,189,194,1
197,194,190,193,189,187,190,188,189,199,193,194,194,190,191,200,199,199,199,194,195,203,199,200,213,210,212,1
212,206,207,210,204,205,205,200,201,215,209,210,213,206,207,211,205,206,213,206,206,214,208,209,212,206,207,1
215,212,215,211,207,210,210,204,208,213,210,213,213,208,212,210,205,209,211,208,209,213,208,211,212,208,211,1
203,202,207,200,199,203,200,199,201,207,206,210,206,205,209,205,204,208,213,212,215,215,214,217,214,213,217,1
206,205,204,204,202,201,197,193,192,200,199,199,201,198,199,200,195,196,202,200,203,203,199,203,202,197,200,1
216,216,217,216,211,215,216,210,215,233,228,229,235,227,233,228,221,226,245,237,235,244,236,236,231,226,224,1
216,201,197,218,203,200,219,203,199,230,214,206,230,215,208,225,210,204,232,220,210,231,219,211,221,209,203,1
192,193,197,191,193,197,192,195,200,195,196,197,200,200,203,206,207,211,205,204,204,216,215,215,219,219,220,1
184,182,188,195,192,194,200,195,205,206,203,209,209,203,205,206,201,211,216,211,217,213,208,211,206,201,211,1
188,193,201,189,194,203,190,191,201,197,198,207,197,198,207,194,194,204,204,202,213,201,200,209,196,194,205,1
200,200,209,201,202,213,195,196,208,201,201,214,207,207,221,202,202,216,204,204,219,211,211,223,211,208,217,1
195,195,207,195,195,208,195,195,207,203,203,215,199,198,210,198,196,206,209,208,219,204,203,213,196,194,205,1
185,184,197,181,182,196,183,183,199,187,186,196,186,186,198,183,183,196,193,192,198,188,187,195,186,186,195,1
194,202,213,193,201,210,191,199,206,190,197,211,191,201,211,182,189,200,184,192,204,189,199,208,183,191,201,1
222,217,222,223,217,222,223,217,224,212,209,215,218,215,218,221,218,220,183,180,191,191,189,197,202,200,203,1
220,214,225,220,215,224,224,217,224,208,202,212,207,202,211,211,205,211,182,177,187,182,178,186,188,185,191,1
228,220,224,214,209,218,212,210,220,239,230,231,219,214,218,209,206,213,240,231,229,222,217,217,208,206,207,1
208,212,215,208,213,216,207,212,215,208,213,214,209,217,218,208,215,219,210,218,218,211,219,221,210,218,220,1
205,205,207,206,206,208,210,210,211,203,207,207,200,204,205,205,209,210,199,204,203,198,204,202,198,206,202,1
216,219,218,214,219,217,216,216,216,221,222,222,218,218,219,218,215,217,224,224,224,220,220,225,216,216,222,1
218,213,212,219,214,214,221,216,218,243,234,227,232,223,218,227,218,215,255,253,240,254,247,236,248,239,230,1
204,199,199,206,203,202,208,205,203,197,193,193,196,193,192,202,201,198,189,186,189,190,188,189,193,192,192,1
250,236,232,247,235,231,233,222,219,237,225,221,241,232,227,226,220,217,210,199,196,209,202,197,202,197,194,1
199,190,190,195,186,182,193,184,183,191,182,182,195,185,183,194,184,183,184,176,177,192,182,183,194,183,184,1
190,186,188,192,185,186,194,185,183,186,181,183,185,180,181,186,180,180,186,181,182,182,177,178,180,175,176,1
208,193,187,208,194,189,203,192,188,228,209,202,228,209,204,221,206,201,235,216,210,234,216,210,229,215,211,1
149,154,152,136,143,141,129,137,137,161,164,162,151,155,154,138,144,145,160,161,160,160,162,162,157,160,162,0
112,126,127,108,122,123,103,116,118,108,122,121,108,124,122,105,121,119,95,109,107,99,112,111,106,120,118,0
90,105,102,92,108,103,96,111,108,86,106,98,92,111,102,94,114,103,90,111,103,92,112,103,90,109,100,0
81,87,101,81,87,100,79,85,98,86,92,105,86,92,105,88,94,104,86,91,105,87,93,105,98,101,112,0
34,34,37,164,163,167,158,157,161,36,34,37,169,166,171,163,161,165,39,35,38,176,171,176,166,164,169,1
179,178,181,180,179,181,179,178,180,176,178,179,175,177,178,175,178,179,171,172,176,171,172,176,174,175,179,1
181,180,182,183,182,184,188,186,189,185,183,186,192,188,193,195,190,196,190,187,192,193,189,194,193,188,193,1
202,199,198,203,196,196,202,197,196,204,202,200,207,201,201,208,202,203,204,202,201,205,201,202,207,202,204,1
213,208,209,212,208,209,210,208,208,212,207,206,210,207,203,209,208,203,209,204,201,205,201,198,200,197,194,1
221,213,211,212,205,204,207,201,202,210,204,203,205,200,200,203,198,199,204,199,200,202,197,199,200,196,198,1
202,201,202,198,199,202,197,198,203,195,197,196,193,196,195,193,194,194,197,200,198,195,198,196,191,193,192,1
189,186,188,192,191,192,201,201,201,197,194,195,197,196,197,202,202,202,196,194,198,197,196,200,201,200,202,1
232,238,237,226,230,230,222,223,226,224,230,229,215,221,220,207,211,212,219,223,222,209,213,212,201,203,204,1
196,193,198,195,194,199,195,196,198,196,195,199,194,193,196,194,193,195,202,201,206,201,200,203,199,198,199,1
190,189,188,189,185,185,187,181,182,198,197,194,198,194,193,196,191,190,203,202,200,202,199,198,201,197,197,1
191,197,202,187,193,198,190,195,204,190,197,202,193,199,206,199,203,213,196,201,206,189,191,200,185,188,199,1
209,211,220,207,210,216,208,211,214,188,190,200,198,200,207,200,203,207,182,181,187,189,189,195,184,184,190,1
173,174,182,169,170,181,166,170,179,175,177,185,173,174,184,168,171,182,174,176,184,172,174,182,170,171,182,1
184,183,187,184,182,187,181,178,186,171,174,180,171,175,182,171,175,183,164,170,179,163,170,179,167,174,183,1
202,199,208,189,187,199,184,182,195,196,194,204,192,191,202,192,191,203,205,203,215,202,200,214,198,197,212,1
174,179,189,192,199,205,212,220,223,173,177,187,188,195,202,206,214,218,173,172,181,177,177,186,189,190,197,1
175,185,185,171,178,183,169,173,182,185,192,196,183,187,195,181,183,194,189,192,201,189,189,204,188,186,203,1
187,188,200,187,188,198,183,181,190,197,196,206,192,191,201,185,184,193,199,198,208,195,194,203,189,188,197,1
200,195,201,206,199,206,205,203,208,205,199,204,214,207,212,215,211,216,210,205,210,210,205,210,212,209,214,1
211,210,218,211,212,220,204,207,214,205,204,213,211,213,222,209,213,221,203,202,208,203,206,212,206,211,217,1
210,211,212,210,210,213,215,215,219,211,214,218,207,210,214,205,208,212,210,215,218,210,214,218,208,211,216,1
216,213,216,216,213,215,211,207,209,221,216,220,217,210,216,213,206,210,225,218,221,222,215,217,221,212,214,1
221,218,215,222,219,216,220,215,214,211,209,208,214,211,209,215,210,210,199,200,199,202,203,199,208,205,204,1
219,215,210,228,225,220,246,244,239,220,215,215,216,213,212,222,219,215,210,207,211,203,198,201,201,197,196,1
203,202,204,196,195,198,196,195,199,213,215,216,194,195,197,189,190,193,225,226,226,204,205,205,196,197,197,1
177,177,179,179,178,180,188,184,185,183,184,185,181,180,182,186,184,184,185,186,187,184,182,184,188,186,186,1
214,209,209,223,215,218,222,216,219,198,192,193,203,195,199,205,199,204,189,183,184,186,178,182,183,178,181,1
203,197,202,206,200,205,203,198,202,193,191,192,195,192,194,197,194,195,187,182,183,191,186,186,187,183,182,1
163,156,160,163,156,158,169,163,164,164,157,161,159,152,154,161,155,156,175,170,172,176,171,172,171,165,166,1
198,190,188,197,188,185,201,189,187,200,195,194,200,192,192,202,192,193,188,182,182,193,185,185,197,187,187,1
195,192,186,194,191,186,191,189,184,206,201,194,204,199,194,200,197,192,205,199,196,198,194,192,192,189,189,1
171,167,166,167,165,164,162,160,160,159,157,159,162,160,160,162,160,160,156,157,157,158,157,158,159,157,157,0
148,150,150,148,149,149,146,146,146,131,131,131,136,136,136,142,140,139,125,126,124,131,132,131,133,134,132,0
43,38,39,190,184,186,187,179,183,44,38,40,194,187,190,188,181,184,44,39,40,194,189,192,188,182,185,1
190,189,193,190,189,193,188,189,193,187,186,190,188,187,191,187,188,192,185,183,188,184,183,187,187,187,191,1
198,191,194,196,189,192,199,193,197,198,191,196,196,189,194,199,192,196,197,190,195,196,189,194,198,191,196,1
199,198,202,198,195,199,198,195,199,197,194,198,195,192,196,197,193,197,202,196,202,203,196,203,206,199,205,1
196,192,198,197,194,198,193,189,191,187,182,187,189,185,189,185,182,184,180,177,180,181,178,181,180,175,179,1
210,206,205,204,199,199,199,195,196,210,204,204,204,199,198,201,196,196,210,203,202,206,201,199,203,198,199,1
203,199,203,201,195,197,195,191,191,192,191,194,193,189,189,183,181,177,195,192,195,187,181,183,181,175,175,1
193,193,197,195,198,202,196,199,203,195,193,198,195,196,200,191,194,198,197,199,203,196,199,203,190,193,197,1
185,179,183,187,181,186,185,181,186,186,180,184,185,181,186,184,182,188,185,184,187,184,182,186,184,182,187,1
208,210,217,206,209,215,203,205,210,208,210,219,208,209,214,203,204,208,201,201,210,203,203,208,199,199,203,1
191,194,198,192,193,198,195,196,201,187,190,195,192,192,198,199,198,204,186,191,196,193,194,199,197,197,203,1
188,191,197,194,198,202,188,192,194,187,189,194,191,194,194,190,194,193,190,191,196,191,192,193,197,198,196,1
181,184,189,182,186,191,187,190,197,179,183,188,182,186,192,185,188,196,180,184,189,181,185,190,185,189,195,1
201,200,205,200,200,204,198,199,202,201,202,204,200,201,202,198,200,202,202,205,205,205,208,208,204,205,209,1
210,208,213,211,210,214,207,207,211,208,206,211,205,205,208,203,204,207,202,200,207,197,196,202,194,195,199,1
166,169,180,167,173,183,171,177,187,158,164,175,162,168,179,166,175,184,159,166,176,159,167,177,164,173,182,1
206,208,213,210,210,218,211,211,220,184,188,196,185,187,197,188,190,202,165,170,179,168,171,182,168,170,181,1
173,175,186,173,174,184,172,172,182,175,180,191,171,174,184,171,172,182,178,185,194,176,179,188,173,174,185,1
179,182,186,168,169,177,163,164,175,176,178,182,164,164,171,158,158,168,172,172,179,163,162,169,162,160,168,1
199,201,212,184,185,196,176,177,186,197,196,207,186,187,197,179,181,190,199,197,206,189,190,199,183,186,194,1
207,207,214,208,210,215,209,212,216,200,202,204,203,204,208,206,208,213,202,201,203,200,201,205,202,204,208,1
211,209,210,210,209,210,205,206,209,204,204,205,208,209,209,212,213,214,196,195,195,195,195,195,203,202,202,1
191,190,188,205,205,201,214,213,208,195,192,189,205,202,198,215,211,206,205,200,198,220,218,214,231,229,226,1
192,185,188,173,169,172,169,167,171,206,202,199,186,183,184,172,171,172,201,198,197,194,190,189,178,176,176,1
166,165,172,178,175,184,183,178,188,143,147,149,143,147,152,151,153,159,147,148,151,145,144,149,142,141,146,1
186,194,203,182,191,201,184,191,203,184,192,198,184,191,198,182,188,197,190,194,197,182,185,190,172,174,182,1
187,186,189,183,184,189,176,181,186,203,196,199,200,196,199,196,195,197,195,188,193,197,190,198,196,190,198,1
172,169,175,172,168,174,171,166,171,172,173,180,171,169,176,168,162,167,178,184,192,177,179,188,174,177,182,1
180,178,182,180,178,182,175,173,176,175,176,179,178,179,183,178,178,182,174,176,179,175,177,182,179,181,186,1
170,166,164,180,175,170,195,189,183,170,165,160,174,165,161,184,173,168,174,167,169,176,168,169,180,171,171,1
197,191,191,201,194,194,200,195,195,200,192,189,200,193,189,203,195,192,186,179,177,182,174,173,187,178,177,1
176,171,170,175,169,168,178,169,169,181,179,174,181,173,172,182,171,171,180,177,173,179,173,172,177,168,169,1
190,178,177,186,176,174,182,176,172,187,176,172,188,178,174,186,177,172,183,173,169,182,172,170,179,169,169,1
178,171,172,172,165,166,164,158,160,190,183,182,184,176,176,173,167,168,184,177,177,186,179,179,176,171,171,1
44,39,40,195,188,191,188,181,184,45,39,41,195,188,191,189,183,186,44,39,40,197,192,195,191,185,190,1
196,189,194,194,187,193,192,186,191,192,185,191,193,187,192,191,184,191,195,188,193,195,188,191,193,186,190,1
193,190,192,194,193,195,199,198,200,200,195,198,201,197,201,201,198,201,203,195,202,200,192,199,198,191,197,1
203,199,204,200,196,201,197,193,198,199,195,200,196,192,198,194,190,196,200,195,196,195,190,193,190,185,192,1
191,190,195,191,191,196,190,192,195,193,188,190,190,189,188,188,190,189,194,190,189,190,189,187,190,191,190,1
193,197,201,194,198,200,194,198,199,198,203,204,195,200,201,192,196,198,194,198,200,192,196,200,186,190,194,1
186,184,189,191,191,196,194,194,201,190,189,191,198,197,199,203,201,207,195,195,199,202,198,201,204,199,203,1
186,182,188,187,184,189,186,182,187,188,187,192,186,184,189,185,183,187,186,186,190,185,184,186,187,184,187,1
193,196,199,192,191,197,194,191,200,189,192,196,187,190,195,188,188,195,181,184,187,181,185,188,181,184,187,1
188,187,191,186,185,190,184,183,190,190,189,194,186,186,192,186,185,192,194,192,198,193,194,195,196,193,197,1
186,190,195,194,195,201,200,200,208,183,187,191,188,191,197,198,198,206,184,187,193,189,193,198,191,195,201,1
191,191,191,186,186,186,179,179,182,196,194,193,193,191,191,188,186,187,193,190,192,194,191,193,184,183,185,1
187,189,198,191,196,203,187,193,200,185,189,197,189,194,202,186,191,198,185,188,197,187,189,199,182,184,192,1
164,169,176,161,164,172,159,163,170,167,174,180,163,167,173,163,168,175,166,172,180,164,167,173,166,170,178,1
165,173,178,161,169,175,160,167,176,160,168,174,163,172,178,172,182,188,154,163,166,158,168,173,167,178,185,1
164,170,178,164,170,178,166,173,179,160,165,172,159,165,170,163,169,174,164,169,171,161,167,167,160,168,168,1
154,161,165,151,158,160,146,151,155,148,156,159,148,155,156,143,148,150,143,149,150,142,148,150,137,143,146,1
146,156,160,153,161,165,162,167,172,148,158,165,150,160,167,156,164,172,147,158,169,147,156,168,146,155,167,1
176,173,180,179,177,182,179,178,180,171,175,185,176,177,185,182,181,186,176,178,184,177,179,183,185,185,187,1
164,166,172,162,163,171,168,167,175,185,186,193,175,176,182,179,179,182,189,191,202,178,180,186,178,179,183,1
178,179,188,177,179,187,173,176,184,173,176,184,176,179,187,177,180,188,185,184,192,187,185,195,190,189,199,1
161,164,169,156,157,164,150,151,157,171,171,175,162,162,168,154,156,161,189,186,188,174,173,177,167,166,171,1
200,199,203,212,209,215,217,214,221,192,190,194,202,200,206,209,208,214,191,187,193,196,196,201,199,203,206,1
203,199,198,201,198,196,188,184,184,206,202,202,204,201,198,196,194,192,206,201,206,204,202,201,200,199,197,1
158,155,159,160,158,162,152,151,155,175,171,173,171,169,170,158,156,158,174,176,181,179,179,182,169,169,173,1
173,171,170,170,168,168,172,170,169,187,182,182,188,183,185,185,181,182,181,176,178,185,181,184,181,179,184,1
171,163,164,175,169,169,168,166,165,187,176,175,188,180,177,185,179,176,209,197,197,209,196,195,205,196,193,1
173,164,163,184,173,173,188,178,179,180,172,171,189,180,178,189,183,182,178,176,176,185,180,181,185,181,183,1
200,183,180,200,186,183,202,190,189,185,173,173,184,172,172,180,171,173,177,174,176,179,174,175,175,170,173,1
137,133,134,147,143,144,158,154,154,116,113,116,125,121,124,132,129,132,112,108,112,111,107,111,114,110,113,1
166,166,166,165,164,166,160,161,162,168,165,165,164,163,163,162,161,164,166,160,162,161,157,157,156,153,155,1
171,168,168,170,168,169,168,166,168,168,163,164,169,165,166,167,165,164,169,164,165,170,166,165,167,164,162,1
164,160,159,171,167,165,174,170,167,163,159,159,172,167,165,177,173,168,163,157,158,167,162,158,172,166,161,1
215,208,205,216,209,206,218,212,209,202,193,189,207,198,195,210,201,198,201,189,185,210,198,193,215,203,199,1
44,38,39,192,183,186,184,173,176,45,37,38,188,179,181,184,173,175,46,37,37,188,178,178,185,175,175,1
189,184,185,189,184,186,186,183,185,186,181,182,183,178,180,183,178,180,189,183,186,186,180,182,185,178,181,1
183,178,186,181,177,184,179,175,181,183,177,184,181,176,181,178,173,177,181,175,179,178,172,175,182,176,177,1
173,170,175,169,164,169,168,162,167,167,166,170,163,162,165,165,162,165,162,163,168,158,159,162,162,163,165,1
170,168,177,181,179,188,182,182,188,179,178,188,179,178,189,179,180,189,179,177,187,173,171,183,173,173,184,1
178,170,172,177,171,171,178,172,173,179,173,178,179,174,177,181,176,180,177,172,179,179,174,181,183,179,186,1
201,196,197,214,208,208,226,220,219,202,196,200,218,212,215,232,225,226,200,194,202,216,209,214,222,216,219,1
195,193,193,185,183,187,175,174,180,196,191,192,183,180,185,173,171,180,186,183,185,173,173,178,167,168,176,1
178,181,186,178,181,186,175,178,184,180,183,188,180,183,188,176,180,185,179,182,187,174,177,182,171,174,179,1
174,180,184,176,182,189,177,182,189,170,174,177,171,178,183,173,177,185,170,172,174,168,172,178,171,175,180,1
175,180,187,172,178,184,169,175,180,173,181,188,171,178,185,170,175,181,171,179,187,170,176,184,171,177,183,1
196,195,197,203,202,204,217,214,216,205,204,206,212,208,210,223,218,219,211,208,210,221,217,218,226,221,222,1
209,206,207,207,205,205,207,205,205,197,193,192,199,195,194,200,196,196,195,189,186,197,193,190,197,192,191,1
174,179,182,170,173,177,171,174,179,174,178,183,168,171,176,167,170,175,171,174,180,167,170,177,169,172,179,1
164,167,175,159,164,172,159,164,171,160,164,173,156,161,169,161,167,174,158,160,170,157,162,170,158,164,172,1
174,175,180,182,185,186,169,174,175,174,175,177,183,184,183,171,175,175,170,168,172,173,172,173,165,167,168,1
146,154,158,147,151,158,159,161,167,142,151,155,143,148,156,150,152,161,142,149,155,141,146,154,144,146,155,1
170,171,171,167,167,167,165,163,163,171,171,171,166,166,165,159,157,158,170,172,172,164,166,166,156,157,158,1
174,173,174,169,169,168,172,170,172,171,173,173,165,165,166,171,170,173,167,170,172,162,162,166,166,166,171,1
179,181,188,185,185,191,184,183,187,178,178,185,184,185,190,183,182,186,173,174,175,182,182,183,185,183,184,1
205,201,205,204,199,204,203,197,202,206,201,207,204,198,203,202,196,201,202,198,203,198,192,197,196,190,195,1
191,189,194,192,191,195,193,192,196,190,189,193,197,196,198,202,201,204,195,195,197,200,199,201,203,201,203,1
204,202,204,208,206,208,200,198,200,197,199,200,203,206,207,203,205,206,193,195,197,196,199,200,203,205,206,1
202,205,211,203,205,215,203,204,213,204,207,212,199,203,210,197,203,207,201,206,207,200,207,207,199,204,205,1
202,203,204,196,196,198,187,187,189,216,214,214,207,205,205,197,195,195,230,225,225,219,215,216,210,206,206,1
191,190,194,189,187,188,193,191,189,187,189,196,187,189,191,182,184,184,185,188,195,186,190,195,183,186,187,1
163,167,170,166,169,173,170,173,177,166,167,171,165,166,170,169,170,174,170,171,175,170,171,175,172,172,177,1
163,167,167,161,166,169,172,174,179,176,178,178,167,169,174,163,164,171,192,190,189,181,181,182,170,171,174,1
138,139,139,143,144,145,148,150,151,154,157,160,156,159,162,160,163,167,162,164,172,163,166,174,165,169,175,1
168,167,172,164,164,169,161,161,165,169,167,168,167,166,168,163,162,163,176,172,172,177,172,173,176,172,173,1
161,165,167,160,165,168,167,172,175,174,179,179,175,180,182,172,177,181,178,183,183,178,183,184,175,180,183,1
164,163,166,167,164,166,168,165,166,165,164,169,163,159,163,163,159,163,167,162,168,159,155,162,159,154,161,1
153,152,154,153,152,155,151,150,154,151,151,151,150,151,151,151,153,153,156,154,153,153,155,153,152,155,153,1
168,160,155,174,166,162,174,166,163,162,155,147,167,160,154,168,162,158,163,156,149,166,159,153,168,161,157,1
40,38,39,189,184,191,185,178,189,41,38,40,189,184,192,183,179,190,41,38,42,191,188,194,188,184,194,1
178,175,182,181,175,180,183,176,179,179,174,179,183,176,181,185,179,182,180,174,180,184,178,183,186,181,185,1
188,183,189,188,184,190,190,186,192,184,180,186,185,182,188,185,182,188,183,180,186,184,182,189,184,181,187,1
182,181,187,183,184,188,185,185,189,181,181,187,185,185,190,190,192,195,181,180,186,186,186,190,190,190,194,1
175,174,183,174,171,181,173,168,180,179,177,186,178,174,184,176,171,183,183,181,187,177,175,182,177,174,185,1
187,184,189,188,187,192,191,189,195,184,181,184,186,184,188,185,183,189,188,184,186,184,181,185,181,178,184,1
186,183,184,184,180,185,180,179,184,181,179,181,179,178,180,178,178,182,182,181,184,179,179,182,178,178,182,1
181,181,185,183,183,188,179,179,185,188,187,192,186,186,191,177,177,183,186,184,190,181,179,185,178,177,183,1
173,177,181,177,182,185,179,184,188,174,177,181,176,180,183,177,181,185,175,177,181,183,184,187,184,185,189,1
165,170,180,163,167,176,164,168,175,165,167,177,163,167,174,164,167,175,166,168,177,167,169,176,167,169,177,1
170,173,180,166,170,175,162,165,171,170,174,180,168,172,176,163,166,172,169,174,179,167,171,175,163,165,171,1
165,166,173,165,168,174,163,166,172,164,169,172,165,169,173,164,168,173,166,170,174,167,170,174,166,171,176,1
159,164,172,153,159,166,154,160,167,160,163,171,155,159,167,153,159,166,162,165,171,157,160,168,155,161,168,1
162,168,174,159,166,170,162,167,172,166,172,175,164,169,172,165,170,173,166,170,174,165,169,172,165,171,174,1
159,162,169,162,164,172,158,161,169,156,161,168,159,162,171,160,164,172,153,158,166,154,158,169,158,162,173,1
155,161,168,159,165,172,162,171,175,158,163,171,160,167,174,161,168,174,162,165,175,165,168,178,163,168,175,1
148,155,162,148,154,159,146,152,157,145,153,159,152,159,164,152,159,163,144,152,159,152,161,166,153,160,165,1
149,153,157,146,149,155,146,149,155,147,153,156,144,149,153,141,145,150,150,155,159,146,150,155,146,149,154,1
174,176,177,180,178,180,187,182,186,175,173,178,177,175,178,186,181,183,173,171,178,177,174,180,184,180,184,1
167,162,162,166,164,164,173,170,172,174,171,171,168,166,166,166,165,167,177,173,174,173,171,171,174,173,175,1
183,185,187,182,181,184,183,181,184,182,183,184,184,182,183,185,181,182,186,185,187,189,187,187,190,186,187,1
179,176,177,181,178,178,191,188,190,177,175,175,176,174,174,187,185,184,188,186,183,187,184,182,191,186,184,1
205,202,205,205,201,203,202,198,200,201,198,200,205,202,204,202,198,199,193,191,192,200,196,198,203,198,200,1
189,190,191,188,189,191,187,187,190,183,185,188,183,188,189,185,188,192,177,181,184,179,184,185,182,185,188,1
216,213,215,223,220,223,228,224,230,210,209,208,216,213,214,221,218,219,213,210,209,220,217,216,224,220,220,1
215,212,209,214,211,209,212,208,207,216,213,209,214,211,207,212,210,207,217,213,211,216,214,212,212,212,209,1
207,207,208,207,208,210,205,207,208,202,203,205,202,204,205,205,205,207,202,203,205,200,200,202,203,202,204,1
195,197,197,196,198,198,198,198,197,195,195,196,196,198,199,197,197,198,194,193,196,197,197,200,197,197,199,1
178,180,189,179,180,188,177,178,186,181,183,190,182,183,190,180,180,187,185,185,191,183,183,189,181,180,186,1
186,184,187,195,190,194,201,197,199,178,178,183,184,183,187,193,191,194,179,181,183,177,178,181,182,182,185,1
180,177,179,177,175,177,175,173,175,184,179,181,178,173,175,178,174,176,180,176,178,177,173,175,178,174,176,1
186,181,182,183,181,181,182,179,179,186,183,183,184,182,182,185,181,182,183,182,182,186,184,184,186,182,183,1
180,175,172,178,172,173,175,170,171,178,175,171,180,175,174,181,175,176,176,173,171,177,172,171,177,172,171,1
171,165,166,167,162,164,168,162,163,178,173,172,175,170,170,172,166,166,182,177,175,178,173,171,171,168,165,1
41,37,37,183,178,179,177,171,172,41,37,37,183,178,179,179,173,174,42,36,37,184,177,178,180,172,173,1
175,165,171,176,166,170,182,173,175,175,166,170,175,167,170,176,168,169,173,165,165,171,163,163,171,163,163,1
194,193,202,190,187,196,183,180,188,189,187,193,184,182,188,180,176,182,187,183,187,185,181,186,182,178,183,1
178,174,179,176,173,179,177,176,182,182,178,183,178,176,181,178,176,182,182,178,183,179,176,182,179,177,183,1
209,207,213,203,202,211,207,206,217,187,186,191,181,179,186,188,184,194,174,173,177,178,177,181,187,183,188,1
189,188,191,183,181,189,182,178,189,187,188,192,182,181,189,182,179,191,187,187,193,182,181,191,180,177,192,1
176,174,183,178,177,186,176,176,185,177,175,181,176,176,180,179,179,184,181,180,182,181,180,181,181,181,181,1
201,200,204,198,198,202,189,190,194,202,201,205,200,199,204,189,189,195,208,207,211,200,199,204,184,185,190,1
177,175,181,175,173,181,173,172,182,172,171,179,171,170,180,174,173,183,171,170,177,174,173,183,180,179,189,1
170,173,180,165,170,175,166,170,175,169,172,180,169,173,177,167,170,174,168,170,178,170,173,176,169,172,174,1
159,165,170,154,159,163,154,159,163,162,169,173,158,165,168,157,164,167,166,172,178,163,169,174,159,165,170,1
157,160,168,157,159,166,151,154,159,158,161,169,159,162,170,156,159,167,161,163,171,159,162,169,157,160,168,1
143,146,153,141,145,150,142,146,150,148,150,158,147,149,155,146,149,154,152,154,164,149,151,160,150,152,161,1
160,161,170,161,162,172,161,162,172,160,162,170,164,166,174,165,167,175,160,162,170,164,167,174,167,170,175,1
156,159,167,160,162,169,163,166,171,148,151,159,152,155,162,157,160,165,146,150,158,146,151,157,151,155,159,1
184,187,191,178,182,185,163,166,171,177,178,188,174,176,183,163,166,171,175,177,185,171,174,180,161,164,168,1
177,177,182,180,182,186,185,185,187,175,175,181,174,175,179,180,179,182,172,172,178,177,174,181,179,178,182,1
153,156,161,159,162,167,163,166,170,149,153,158,154,161,164,157,165,168,149,154,159,152,160,163,155,165,167,1
199,195,196,194,191,194,184,183,187,196,193,195,198,196,199,190,189,193,184,183,185,190,189,192,188,189,193,1
190,190,194,193,191,194,193,187,189,185,186,188,190,189,191,188,184,186,184,185,184,185,185,186,182,179,183,1
178,173,175,181,174,175,189,181,182,177,174,176,177,171,173,181,176,176,176,176,177,174,174,174,178,178,177,1
195,188,191,197,190,195,194,187,192,192,185,190,195,187,193,194,187,192,193,185,191,191,184,190,193,187,192,1
188,187,191,189,188,191,183,182,183,191,189,195,191,190,191,185,184,185,194,190,195,195,192,194,191,189,189,1
199,200,204,199,198,203,196,195,200,201,201,206,200,200,206,199,198,203,203,203,205,202,203,206,201,200,204,1
194,190,192,191,185,190,191,185,189,196,194,194,195,191,193,192,187,189,197,197,197,199,197,197,193,192,193,1
202,200,200,197,195,195,198,196,196,203,201,200,197,195,194,194,192,192,205,203,202,201,199,198,195,193,192,1
184,182,181,186,185,184,190,188,188,188,186,185,186,184,183,184,184,183,194,191,190,191,189,187,188,185,184,1
184,181,182,181,178,180,181,178,180,185,183,183,181,179,180,179,176,178,186,183,182,184,182,181,178,176,176,1
191,189,189,188,186,186,192,189,190,192,189,190,191,188,190,191,188,190,192,190,189,194,191,191,193,190,190,1
193,187,193,191,185,190,192,187,188,189,184,187,190,184,188,191,185,189,190,185,187,191,186,188,191,185,189,1
179,179,178,181,181,181,184,185,185,179,180,179,178,180,180,181,184,185,177,178,176,175,177,177,179,181,181,1
184,179,178,183,178,176,182,175,172,178,172,173,181,174,172,182,174,172,179,172,175,182,174,176,185,173,175,1
179,176,175,175,171,170,173,170,168,180,176,175,180,174,175,180,173,173,181,176,173,184,175,175,187,174,175,1
173,168,168,174,168,168,174,168,169,175,170,170,177,171,172,174,168,169,176,171,171,178,172,173,179,173,174,1
